joined_words,prediction
quá tuyệt_vời chúc_mừng antony và các đồng_đội,0.0
cứ phải nổ tưng_bừng,0.0
nhìn atony với garnacho đệm_bóng cận_thành mà nhớ tới thế_mà bọn anti bảo dễ,0.0
mình hôm quá xem cả trận nói thật_ra đg chơi lối chơi thực_dụng mọi người cũng nhìn xem mấy quả ghi_bàn do đối_thủ mắc sai_lầm thì amorim không ăn_mừng mà những tình_huống phối_hợp bóng ngắn ghi_bàn thì ông ấy lại ăn_mừng,0.0
yoro thì để quá người liên_tục licha thì bóng bổng yếu hàng công thì cùn vậy_mà vẫn thắng,0.0
quá lại có dự_cảm_amad dialo ghi hat trick mới sợ,0.0
quang cao nhieu vãi chưởng,0.0
thằng gana lâu rồi không thấy ngồi lên biển quảng_cáo khoanh_tay nhỉ,0.0
onana chụp đẳng_cấp,0.0
hay,0.0
không có anh trưởng cái thủ như ngáo ngơ may tiền_đạo bên kia hơi gỗ không thì thua mấy bàn,0.0
năm trước thì có mctominay cứu những phút cuối năm nay thì amad dialo,0.0
amad đá được đó tương_lai là đây chứ đâu nói thật còn nhỉnh hơn saka của arsenal đó,0.0
mu lại làm người hâm_mộ yếu tim,0.0
cứ đá hết_mình và amorim khôn_ngoan thì mu sẽ vượt khó thôi anh_em à amad dialo_tỏa sáng thì rashford garnacho nên nhìn mà đánh_giá lại bản_thân mình với mức lương và sự cống_hiến của mình cho câu lạc_bộ,0.0
được,0.0
maguire vào sân đúng là thủ khác bọt hẳn,0.0
chưa xem đã nhìn chữ người_hùng biết là thua rồi,0.0
quá tuyệt_vời amad,0.0
mu_chấp người mà vẫn thắng antoni garnacho vô_hại,0.0
dạo này mu cố_gắng dữ,0.0
thằng antoni không bán_độ tao trâu,0.0
mong là amad dialo giữ được phong_độ ổn_định,0.0
xin chào bình_luận_viên xuân mai nhé quá tuyệt_vời,0.0
hàng tiền_vệ mu từ phút tới phút đá như mơ_ngủ hên amad cứu lại thiết_nghĩ amorim nên mua_sắm một_số thay bruno và một_số đá cạnh ugarte,0.0
antonay nghiệp_dư như đông nam á dọn cỗ cỡ này thì chịu,0.0
ra khỏi hang nào anh_em ơi,0.0
garnacho này cho dự_bị là đúng,0.0
bình_luận_viên tên gì vậy anh_em,0.0
dialo với,0.0
"",0.0
fan anh long điểm_danh,0.0
cả trận_chấp trái xem ts tắt điện_thoại đi sáng vào tài_khoản thấy cộng tiền vào youtube mở ksport xem thỳ đéo tin vào mắt mình luôn tks chú quỷ amad,1.0
quá ghe_gom,0.0
onana trận này cháy,0.0
cho rù thắng nhưng vẫn chán lắm cầu_thủ mu cần phải mạnh_mẽ hơn nữa chịu_khó chạy hơn nữa chứ vẫn uể_oải lắm lười chạy di_chuyển tranh_chấp lắm,0.0
left center back of southamton very bad,0.0
nhìn hàng thủ sou biết vì_sao xuống hạng,0.0
quá hay luôn amad,0.0
quá hah luôn,0.0
cho thang tony zoi nacho di_la qu dep rồi duk diem quá kem,0.0
ganacho gà vãi,0.0
antony thấy đó mà đá,0.0
ảo thật kèo mu_chấp vậy_mà về bờ,0.0
sợ thật mu lại tiếp_tục phat hơi nóng vào big,0.0
amatdilo quá hay,0.0
mu mãi đỉnh,0.0
helo,0.0
hay,0.0
trung_vệ trái hậu_vệ trái của sou là những thằng cho ' ngu,0.0
đá như con cặc tối thôi ăn_mừng đội chót bảng,1.0
tập_thể mu_toàn mấy con gà ảo_tưởng,0.0
mu giờ đá đúng phong_độ top đua trụ hạng,0.0
đù má anh mát cho anh long kế fame tý,0.0
onana như xít,0.0
bán athony đi rồi lấy tiền đó tăng lương tiếp cho amad,0.0
hatrick gần nhất_là của phải không nhỉ,0.0
đá với southampton cũng phải vỡ òa cảm_xúc rồi,0.0
antony đi theo teg hag là được rồi quả đó còn không vào thì chịu,0.0
hạt đậu mini chicha alo,0.0
nhìn mu_đá đúng buồn giờ đội top mà còn phải ngược dòng mới thắng được hài,0.0
sao cứ để cha_nội onana bắt thế nhỉ,0.0
khiếp antony,0.0
yêu quá amad dialo ơi,0.0
thằng bruno ganacho antony cho nó nghỉ mẹ đi đá đấm như con cặc bực cả mình phế đéo chịu được,1.0
nhìn những pha không_chiến của lồn martinez mà ngao_ngán luôn chúc_mừng quỷ đỏ có chiến_thắng cùng với hatrick của dialo,0.0
tưởng mu vừa vô_địch,0.0
nếu trái đó để xuân_son của việt_nam chắc_chắn là vào rồi phát thưởng na trô yếu quá nếu hàng công của mu đưa các tiền_đạo việt_nam chắc_chắn là mu sẽ vô_địch,0.0
có tuổi rồi chắc sau_này đá giờ này thì nên hẹn giờ coi thôi mu_đá coi nản quá hehe,0.0
đâu_đó hơn là tao ngủ quên rồi sáng dậy thấy ơi thức tới hơn sáng rồi bỏ lỡ phần hay nhất của trận_đấu,0.0
tôi thấy onana mới là người_hùng,0.0
mu_đá đông đôi là hay ðá ai cŭng dành thế này bàn không hà_sao được,0.0
chỉ có mu là đấu với đội mới khó_khăn làm_sao,0.0
xem_lại thấy amad vô sân từ đầu mà đến phút còn chạy tranh_chấp gây áp_lực hậu_vệ dù thắng rồi vân quyết_tâm kinh thật,0.0
thằng nhóc này đá cháy vãi lồn mà ông đầu trọc để nó dự_bị,0.0
onana trận này cứu thua cũng xuất_thần quá,0.0
cái lồn mẹ quãng cáo liên_tục,1.0
thằng rát phọt ngu_si đần_độn nhìn amad mà học_tập,0.0
địt_mẹ xem được cái video lần quảng_cáo bình_luận thì ngu thế_nào là may_mắn ngu như con cầy,0.0
đỉnh nóc kịch trần,0.0
"",0.0
mẹ có phút mà quảng_cáo lần vãi cả lồn,1.0
giờ thắng sou cũng khó nữa không biết khi nào trở_lại hoàng_kim nữa,0.0
antony đá hay mà không ai khen sự đóng_góp của anh ấy nhỉ,0.0
vẫn sống_nhăn,0.0
amad quá hay,0.0
dialo luôn là như vậy quả bóng vangd tương_lai,0.0
thấy thương antony ghê lâu ra đá được trận mà bị chửi như đúng rồi,0.0
không có đội nào hỏi mua cây_gỗ quý nacho với tony của mu giúp cái nhỉ ứa máu,0.0
chúc_mừng mu,0.0
onana cũng rất hay luôn amad điểm,0.0
xuân sang lân ngáo ngập_tràn pháo đì_đùng nổ mân đàn xuất hang,0.0
zogo đá như cứt,0.0
sofa chấm điểm cho amad nhưng nhẽ ra onana cũng p được có onana cản_phá cứu hơn pha ăn bàn_mươi thì sou họ cho man vỡ trận rồi có được tm tốt nên hàng công mới có được niềm tin điểm_tựa vững_chắc duy_trì được thế_trận tốt,1.0
nhìn ăn_mừng cứ như vô_địch không bằng hạng làm như nằm top,0.0
amad quá xứng_đáng người được chọn,0.0
fan arsenal nhưng cũng hay xem mu_đá chúc_mừng mu có được,0.0
có cảm_giác tất_cả các đội bóng đều đá sống đá chết khi gặp mu ấy nhỉ,0.0
amad đỉnh quá cháy quá cháy,0.0
muốn ghi_bàn vào lưới mu hãy kiếm phạt_góc là cách nhanh nhất để ghi_bàn,0.0
chúc_mừng manu thắng đội sothamoton đội top,0.0
quả éo nào ông bình_luận_viên cũng bảo may_mắn không nghĩ ra từ gì để nói à,0.0
xem mu đã đau mắt rồi còn thêm cái quảng_cáo,0.0
quỳ xuống hết cho tao mu vô_địch win được đội cực mạnh là southamton rồi hãy đưa man c arsenal liver tới hết đây,0.0
amad muốn phát_triển thì nên rời mu,0.0
thằng ganacho chân_gỗ vãi lồn bán thằng đó đi,0.0
bịp vãi cả lồn,1.0
amad dialo southampton,0.0
xem man đần đá chán không chịu nổi,0.0
zickze nay xử_lý mượt_thế,0.0
thấy đồn bán ganacho mà sao không bán luôn thằng đó đi nhỉ,0.0
moá mấy ônh kèo dưới cả trận chắc vẫn chưa hiểu được tại_sao lại thua ha_ha,0.0
amad về arsenal thì ngon đá tốt quá,0.0
của mu quá mong_manh rể vỡ,0.0
leny yoro bị quá người liên_tục,0.0
gánh cả đội,0.0
nay hết phát điểm rồi à đá bigsix tao dám xem đá đội nhỏ tao ngủ đã đội nhỏ coi còn thua nhìn nản bố_mẹ,0.0
sau trận này fan mu nó nâng amad lên còn hơn với,0.0
phút quảng_cáo,0.0
từ khi nào mu lại được so_sánh với mấy đội này nhỉ,0.0
onana,0.0
quảng_cáo nhiều quá xem bực_mình thật,0.0
trận này mu có amad với onana hay quá hàng phòng_ngự trận này vẫn bất_ổn không có onana thì chưa chắc đã có màn ngược dòng xuất_sắc của amad mà cứ thắng là vui rồi ha_ha,1.0
antony chuyền về cho thủ_môn mà sao không bị phạt gián_tiếp vậy anh_em,0.0
amad dialo said mấy chú nhắm dứt_điểm được không,0.0
quả bóng vàng gọi tên salad diablo,0.0
mu_đá gì ở đấu_trường này nữa xuống mà chơi cứ chờ cá_nhân suất sắc may_mắn,0.0
man utd,0.0
trận_đấu hấp_dẫn đến phút cuối_cùng,0.0
erikxen quá hay có khi hơn cả bruno mà vì_sao ít được sử_dụng cứ đe thanh_lý biết là tuổi_tác không phù_hợp nữa nhưng hay trao cho anh ấy nhiều cơ_hội hơn tôi yêu_cầu_thủ người đan mạch này,0.0
đưa tao từ cõi chưa trở_về,0.0
quả antony phòng_ngự đỉnh thiệt triệu có khác,0.0
thắng như_không thắng đá với southampton mà đá như hạch coi mày u bây_giờ chỉ coi cho vui,0.0
tôi yêu mu_️ không bỏ trận nào,0.0
anh long hôm_nay đá như bòy,0.0
amad dialo xuất_sắc hơn saka nhiều saka may_mắn chơi trong tập_thể mạnh còn amad đang gánh còng lưng tập_thể rệu_rã của mu,0.0
dẫu biết sou hay nhưng man trận này họ thắng là xứng_đáng amad quá đỉnh,0.0
bây_giờ mu_con tk ganacho lúc ấy còn tan_nát,0.0
lâu lắm rồi mới có cầu_thủ của mu làm người xem cảm_xúc không bỏ_cuộc như_vậy tuyệt_vời,0.0
có vẻ như bình_luận_viên là fan onana thì phải toàn khen những trái bắt dễ là xuất_sắc,0.0
quá đã siêu,0.0
đúng là adn đần nhìn antony với ganacho gỗ vãi lồn không có amad thì vỡ cmn mồm,0.0
triệu sao mà lạ thế anh long ơi,0.0
onana trận này quỷ nhập rồi,0.0
amad sou,0.0
antony à em nhắc anh anh vào anh không ghi_bàn được thì thôi sao anh đệm hụt còn cười anh nên chấn giữ_ghế dự_bị thì hơn,0.0
thắng đội bét bảng mà thấy cực gì đâu luôn rồi năm rồi chờ_đợi danh hiêu,0.0
tôi chỉ có mong_ước nhỏ_nhoi là man đỏ man xanh trụ hạng thành_công thôi,0.0
pha bỏ lỡ của garnacho và antony thật là khó tin gỗ thật_sự,0.0
hay quá amad ơi,0.0
fan mu,0.0
tôi bắt_đầu xem từ phút từ thất_vọng đến chào vọng và vỡ oà bầu_trời hôm_nay thật trong_lành ha_ha,0.0
"",0.0
đội bóng tôi yêu,0.0
amad dialo,0.0
câu lạc_bộ ajax chắc phải mang ơn tenhag đời_đời vì cú lừa triệu,0.0
toàn chân_gỗ chán thật may vẫn có amad,0.0
xem mà cứ tướng đâu đội áo vàng là đội cửa trên thế mà_lại thua,0.0
amad,0.0
thầy chịu mày rồi thần đằng,0.0
các bạn có thấy tên kênh youtube của tui không,0.0
quỷ đỏ đích_thực,0.0
mẹ cha nó quảng_cáo gì đâu,0.0
"",0.0
cám_ơn amad đã làm những con cẩu đang trực chờ sủa phải câm_nín mu điểm_danh nào,0.0
yoro non quá,0.0
onana đỉnh vậy với amad,0.0
thế đéo nào mà huấn_luyện_viên lại cho nacho chân_gỗ đá chính,0.0
amad dialo đúng là tay phản_động đá đấm thế_thì nhà rùa lại ăn à đẳng_cấp phải là compa antoni xứng danh chiến thần_hủy diệt ghế huấn_luyện_viên,0.0
mu cần những cầu_thủ như amad,0.0
amad toả sáng chắc vui nhất là thầy ole,0.0
hôm quá xe gật gà_gật_gù nhưng mà thấy cu em yoro bị quá người ít_nhất lần,0.0
không co gi vui khi mu_thắng,0.0
đá với đội yếu nhất ngoại_hạng mà phải nhờ tới amad toả sáng phút cuối thì thôi rồi mu ơi xứng_đáng top ngoại_hạng năm nay còn sou gặp kho điểm mu mà không win được xứng_đáng rớt hạng,0.0
đừng nhìn vào kết_quả nhìn vào lối đá của mu_đá với đội cuối bảng mà bị ép như con thế này,0.0
ò đó không ò không,0.0
bàn thấy chẳng có gì đặc_biệt nhỉ kiểu hên hên không phải cầu_thủ hay,0.0
tưởng bú,0.0
thằng sazo ăn_hại,0.0
số của bờ biển ngà,0.0
tại_sao họ lại đứng cuối bảng là biết rồi đấy,0.0
nhuộm đỏ trời âu thôi,0.0
yêu chàng trai tí_hon này quá cậu xứng_đáng là kho báu trong đội_hình hiện_tại và sau_này của amorim amad ạ,0.0
mang mc real barca đến đây,0.0
bruno có vẻ không vui nhie,0.0
rồi mà phát lại à,0.0
gáy thôi dù cho câu lạc_bộ vẫn đang mua top,0.0
hình_như từ lúc đi thì amad là cầu_thủ ghi hat trick,0.0
thằng phế vật ganacho bán,0.0
"",0.0
amorim sợ amad quá_tải nên cho dự_bị nhưng thực_tế cho thấy mu hiện_tại không có amad thì chả thắng được đội nào,0.0
đừng quên onana có ngày bắt như lên_đồng anh_em ạ,0.0
thằng nhọ không biết ra vào cho hợp_lý để hóa giải những pha bóng cố_định nên thường bị những bàn thua như thế này mu phải thay thằng này ngay nếu muốn cải_thiện vị_trí trên bảng xếp_hạng,0.0
cái lồn mẹ nó kênh đói lắm hay sao mà coi quảng_cáo lần khó_chịu vãi cả lồn,1.0
nhìn thằng antoni với thằng ganacho đá ngứa hết cả mắt,0.0
omg amazd một hiện_tượng mới tại sân old tranford,0.0
mu,0.0
ha_ha còn hai ông thần antony và ganacho hết nước_chấm ha_ha,0.0
ơi cái hàng hậu_vệ yoro còn non quá trận đuợc trận dỡ hú_hồn,0.0
dàn_xếp tỉ_số rồi,0.0
chúng_ta không_thể khiêm_tốn được nữa rồi fan mu điểm_danh,0.0
quá hay mu,0.0
amad hiệu_quả hơn gấp ngàn lần antony và garancho,0.0
tuy xem hơi hài nhưng rất thích antony đá,0.0
suýt tý nữa thì cảm_ơn sou đã,0.0
không hiểu sao bayindir vừa trận trước bắt hay mà không dùng vẫn xài onana bắt nhìn trông sợ vãi,0.0
đá với đội bét bảng mà thấy mu cũng ngang ngang trình ấy nhỉ,0.0
tuyệt_vời kiếm_khách vung trời_đất,0.0
bà_mụ ganacho ối trời ơi anh long quá tuyệt_vời amad và onana,0.0
đá trung_vệ gặp mấy ông thần chạy cánh ở nhé dễ oẳng lắm,0.0
ngoài tình_huống ghi_bàn của amad thì người được khen_ngợi đêm quá ngoài onana thì không còn ai,0.0
antony đá ở_vậy league à,0.0
đã quay lại đường đua vô_địch mu_đá tưởng như barca luôn á nếu máy hơn chắc có lẻ set tenis,1.0
không bao_lâu nữa amad dialo sẽ là tâm_điểm của của chuyen nhượng … ngôi_sao sáng nhat tại nhà_hát của những giấc mơ,0.0
anh long vẫn ngu như ngày naò,0.0
giờ chỉ dám xem mu_win không lại ảnh_hưởng tám trạng cả ngày,0.0
trận này onana lên_đồng à anh_em,0.0
amad mad thật rồi,0.0
cụ sen dùng để được nhưng già quá rồi,0.0
onana dạo này bắt hay quá,0.0
lâu lắm rồi mu mới mua được một cầu_thủ đẳng_cấp,1.0
nhìn mặt chuối thiu onana mà chán đời đúng là báo thủ mu với những pha tăng động vụng_về mu_công cùn thủ kém phải nhanh tống_cổ anh morim và một_số cầu_thủ mu ra đường mới mong trụ hạng,0.0
thằng bình_luận_viên bị ấm_đầu_ghi_bàn cứ kêu may_mắn,0.0
còn ha_ha là còn lủng lưới,0.0
anh_em fan mu có cùng suy_nghĩ giong tôi không nên cho thang ganacho khoi đa luon đi địt_mẹ đa bong đeo gi ca nhan vãi cả lồn chi muon ghi ban co hoi thi nhieu ma da nhu đầu buồi y,1.0
sau khi có huấn_luyện_viên rubem amorim thì đội_hình của mụ đá càng ngày_càng hay thắng cả arsenal bây_giờ lại có một niềm vui cảm_ơn các bạn fan luôn ủng_hộ mu_chúc tất_cả các bạn năm mới an_khang thịnh_vượng vạn sự như_ý gặp nhiều may_mắn vui_vẻ hạnh_phúc,0.0
amad nó quyết_tâm và gọn_gàng gấp chục lần thằng hề garnacho,0.0
năm_ngoái maino năm nay amad gánh mu,0.0
ơi trời bản hợp_đồng không mang nhiều chào vọng giờ lại là điểm cứu_cánh mu_vãi đời không biết trước được,0.0
"",0.0
vãi antoni,0.0
thằng hậu_vệ yoro sao thấy không ổn tí naog,0.0
tại_sao antoni vẫn ở trên sân_vậy nhỉ cả nhà,0.0
quảng_cáo quá nhiều,0.0
trận này yoro chơi hơi kém,0.0
pha asist của eriksen đỉnh thật ️,0.0
phải có điều gì đó đặc_biệt lắm thầy rim mới cho antony vào mà vẫn giữ amad chắc cũng deja vu cảnh này dữ_dội thật_sự cổ máy nhỏ bền_bỉ,0.0
địt con_mẹ mày video quảng_cáo phát súc_vật không,0.0
anti đần sao hôm_nay không vào cắn vậy,0.0
những phút cuối hiệp hai ám_ảnh của đội bạn iloveyou mu,0.0
mu không nên để càu thủ số đá hậu_vệ rất dễ bị vượt quá,0.0
ra hang đj quẩy,0.0
nỗ_lực tuyệt_vời anh long triệu vô_dụng,0.0
nay đi làm ngẩng cao đầu được rồi anh_em ơi,0.0
chắc là trận cuối của anh long,0.0
vậy là kể từ ngày rời sân_khấu hài thì cũng đã có người biết lập hát trích,0.0
đầu trận amad phải đá thấp quá,0.0
onana đỉnh,0.0
thắng có trận mà mừng dữ vậy đang đứng thứ mấy trên bxh rồi xem bxh tưởng đâu mu không có đá ngoại hang nữa chứ,0.0
tuyệt_vời mu của tui,0.0
quả bóng vàng sẽ thuộc về amad dialo,0.0
nhà_cái bảo thắng cách_biệt bàn chứ sai_lầm gì,0.0
tẩy_chay kênh lồn này đi anh_em quảng_cáo nhiều quá đụ_mẹ mài,0.0
onana thủ_môn dở_nhất,0.0
kết_quả thì thang vậy thôi chứ xem mu_đá chan lắm mình là fan mk xem còn bực_mình may xao amad xuất_thần,0.0
trước khi trận_đấu này diễn ra thì cầu_thủ gần nhất lập hat trick tại epl cho mu_chính là ronaldo vào tháng gần năm rồi,0.0
nói có_thể các bạn cười nhưng trận này tôi thấy rõ antony đã trở_lại antony trận này được di_chuyển đúng theo sở_trường của mình tôi chắc rằng nhanh thôi antony sẽ lại tỏa sáng,0.0
amad quá hay càng đá càng hay không như thằng garnacho chân_lư,0.0
amad càng chơi càng hay mấy trận cứu_vớt mu_rồi,0.0
onana trận này bắt quá suất sắc,0.0
amad chạy cả trận còn sút trái sợ thật,0.0
trận_đấu không tưởn chúc_mừng amad dialo,0.0
trận này thua chắc antony là chủ_đề để bàn,0.0
fergie thời_gian,0.0
mùa này khả_năng giống mùa trước ông thăng_hạng rồi xuống hạng,0.0
yeh,0.0
không ngờ trong một rừng gỗ quý của mu lại có một amad đẳng_cấp thật_sự nếu không có amad không biết bây_giờ mu_lạc trôi về đâu nữa rồi,0.0
yếu tim vãi,0.0
giờ,0.0
các con mc đâu ra đây xem các bố mu_đá nè,0.0
phát thưởng na chos,0.0
má anh long,0.0
chúc_mừng anh_em mu đã chiến_thắng đại_gia southamton,0.0
️ ️ ️ ️,0.0
tiền_đạo sho đi bóng như chỗ không người,0.0
mua hậu_vệ triệu về đá để quá người đua tốc_độ thua hài,0.0
nhục đá như con cặc thắng đến nơi rồi vẫn để cho lũ đần thắng ngược xuống hạng mẹ mày đi,1.0
gáy lên nào anh_em ơi,0.0
zirkze vô cái đội thoát presing tốt hẳn,0.0
bình_luận_viên không và phần còn lại,0.0
ngôi_sao sáng nhất là amad,0.0
nhỏ mà có võ amad,0.0
top dự cúp châu âu mùa này cạnh_tranh rất gắt_gao mà mu_đá kiểu này khó theo kịp được,0.0
mu chung tôi quyet tam tru hang thanh cong mua nay,0.0
ảo thật xem tới phút đi ngủ sáng mở dậy thấy giật_mình,0.0
đá với đội bét bảng mà khổ_sở quá không có amad thì chắc thua,0.0
anh_em mu_quẩy lên nào,0.0
mua cầu tgur phải thế chứ triệu,0.0
không biết mu_còn giữ thằng ganacho làm gì đá chẳng ra làm sau,0.0
không có amad dialo amorim bị sa_thải,0.0
vẫn là antony,0.0
gana chó và compa xứng_đáng dự_bị,0.0
thật không_thể tin nổi khi một cầu_thủ mu_ghi được cú hatrick amad dialo thật tuyệt_vời,1.0
bộ đôi antony ganacho thật là đỉnh nóc kịch trần,0.0
quả này thua là atony rồi tới phát thưởng ná chô rồi,0.0
amad quá hay onana cũng xuất_sắc eriksen thì kiến_tạo quá nghệ trận này thua về thể_lực do trận trước đá thua người với pháo nỗ_lực của toàn đội xứng_đáng với chiến_thắng,0.0
garnacho đá càng lúc càng chán pha đó đá ra còn khó hơn đá vào thế_mà vẫn đá ra cho được,0.0
mu_thấy có bruno với amad là chịu presing còn mấy thằng kia sợ chạy tốn xăng nhìn chán thằng antony phá bóng giúp đội bạn nhìn hài vãi cả lồn,1.0
đáng_lý ra mu phải được đá phạt vì anh long chuyền về cho thủ_môn bắt,0.0
không có amad chắc mất_ngủ mất thôi mu cần bổ_sung hàng công thật_sự,0.0
đúng là man đần bỏ bao cơ_hội mười_mươi may có cái kết đẹp,0.0
anh long chắc hơi nhột khi cu em đá cháy đến vậy,0.0
được,0.0
amad diablo quá mạnh,0.0
lại thắng nữa ah ha_ha tuyệt_vời các chàng trai,0.0
coi có xíu quảng_cáo lần,0.0
gáy lên anh_em,0.0
hàng công chắc được mỗi ông cháu này đá được còn lại toàn gỗ lim không,0.0
trận_đấu hài,0.0
hàng công mu quá chán,0.0
amad luôn nỗ_lực chạy khi đối phuong chuyền bóng về sân_nhà đây không phải lần đầu anh trừng_phạt đối_thủ,0.0
amad dialo ngày_càng đá hay và quá cháy,0.0
thằng yorno trông chậm_chạp quá nhỉ,0.0
bàn thứ đép vãi nhỉ,0.0
con sóc dialo đẳng_cấp,0.0
bán vội ông antony đi nhanh khi các đôi còn chưa thấy hết tiền năng của anh ấy,0.0
may cu em amad clear kèo cứu bao anh_em bet thủ,0.0
mua xuân sơn về gấp,0.0
man đần,0.0
mu_vô đối nhuộm đỏ trời âu,0.0
zikze nên giữ lại … kết_nối quá tốt với đồng_đội,0.0
cu diano này cần được bảo_tồn hàng quý_hiếm,0.0
amad dialo anh đến từ hành_tinh nào vậy manchester united mãi đỉnh,0.0
đoạn cuối khứa zikze đẩy amad tao tưởng bay về việt nam luôn rồi chứ,0.0
ngày_xưa mê mu vì roney vidic giờ vẫn hóng từng trận của mu không vì họ đá hay mà xem vừa hài vừa kịch_tính hơn phim hành_động,0.0
kênh lol cái quảng_cáo,0.0
hàng thủ mu_trận này thua thể_lực đội bạn antony và ganacho mang sách_vở học dialo kìa,0.0
như một vì tinh_tú amad lấp_lánh trên bầu_trời rộng_lớn,0.0
mc có haland chè có palmer liver có sala và bây_giờ mu của tôi có amad dialo trận đấu cực_kỳ cảm_xúc của mu_chúc mưng anh_em mu sáng nay ra đường ngạo_nghễ,0.0
má triệu đệm_bóng thua dân phủi nữa chứ tệ_hại,0.0
những cầu_thủ mà manchester united nên loại_bỏ khỏi đội_hình mãi_mãi luôn ròm có dalot ranacho antony mấy thằng này không có tài_năng,1.0
tao lại mày chô,0.0
thằng tuần đá khét cho ngồi dự_bị năm đi mua thằng antony triệu về đá như con cặc chỉ có_thể là erik tenhag,1.0
cảm_giác mu_toàn chân_gỗ trừ amad,0.0
erisen hay tiếc là giờ hết_sức,0.0
ký hợp_đồng mới với dialo như bom tấn,0.0
từ khi nào mu_thắng đội cuối bảng mà fan vui đến vậy,0.0
cố lên mu vượt lên nào đút kac vô mồm mấy thằng loserpol giới_thiệu boy,0.0
quả chuối tím onana trận này bắt dính phết chứ đùa đâu,0.0
bán mẹ nó thằng garacho đi phế vãi cả lồn,1.0
amad quá nhanh,0.0
mu có người công_nhân đá bóng duy_nhất người được coi là cầu_thủ,0.0
vãi lều anthony đứa con cưng của ten hag,0.0
amazing diablo,0.0
southampton yếu mà mùa nào cũng chỉ đua trụ hạng còn man united là ông lớn của nước anh mu vừa đá vừa chơi cũng thắng southampton ️,0.0
garnacho bán mọe được rồi thánh antony trái banh mà không vào,1.0
antony có một pha cản_phá bàn thắng không_tưởng cho đội bạn,0.0
linh mông cong gọi có gana chó trả_lời,0.0
bình_luận_viên cướp bóng banh chắc quen với hành_động này nên gì cũng cướp,0.0
nghe bình_luận_viên khó_chịu thật rõ tài_năng với nỗ_lực của amad mà không chịu công_nhận cứ bảo may_mắn thôi,0.0
thằng em_út gánh cả đội_hình,0.0
antony đá như bạn,0.0
dialo southamton,0.0
đù số của sou không đeo miếng bảo_vệ ống đồng luôn nhìn cứ sợ sợ kiểu gì,0.0
tiếng hơn lượt xem chỉ có_thể là mu,0.0
đá với thằng chót bảng chưa biết thắng từ đầu mùa thắng chật_vật mà mấy ông tướng ăn_mừng như vô_địch,0.0
mãi yêu mu,0.0
amad mang hình_bóng của roney chiến_đấu hết_mình đến tận phút cuối,0.0
fan mu điểm_danh,0.0
antony,0.0
hiệp trán hiệp đá như lên_đồng,0.0
phế vat antony,0.0
antoni chuyền bóng về cho thủ_môn,0.0
trận ghi_bàn bằng số bàn thắng của tony triệu nữa mùa hơn luôn số bàn thằng hô lùn,0.0
fan mu,0.0
cuộc đua giờ mới bắt_đầu,0.0
thực_lực của người_ta bình_luận_viên lại nói may_mắn cho cầu_thủ bờ biển ngà cũng thua bình_luận_viên,0.0
kỳ chuyển_nhượng này có lẻ sẻ rất nhiều thương_vụ bơm tấn đây,0.0
nguner thức khuya xem mu_đá cảm_ơn nguner,0.0
quá cam xuc amad dialo,0.0
amad về liverpol để thay_thế salah sau_này là đúng bài,0.0
thằng garnacho sút ngu vãi cặc thật,0.0
southampton đường nào cũng rớt hạng nên bán cho man đần kiếm ít đồng,0.0
tính ra hàng tiền_đạo mu mấy năm nay có garnacho toàn mấy chân lười presing nên tuyến giữa bruno với hậu_vệ mới chật_vật như_vậy đối_thủ lên bóng quá nhàn không áp_lực gì,0.0
united đã hiện nguyên_hình rồi anh_em ơi đúng hình_ảnh thời xưa đây rồi,0.0
amad dialo mãi đỉnh,0.0
mẹ along trăm triệu đá như mất gân pha đệm_bóng dễ hơn phạt_đền mà làm thế đéo nào chỉ chạm và giữ bóng,0.0
may cho antony nhé,0.0
nay highlight bóng_đá quảng_cáo lần,0.0
mười khó mà còn tại vị thì dialo chắc còn mòn đũng quần trên ghế dự_bị,0.0
thật_sự ai xem trận này thì phải nói là đáng lo,0.0
trên_tài có cái tết âm no không_tưởng ha_ha,0.0
com ba xoay đỉnh thiệt không biết sao vẫn cho ra đá nhỉ,0.0
bầu không_khí hà_nội hôm_nay ông nhiễm quá nhỉ,0.0
đá như con cặc lũ hề đỏ tại nhà_hát mơ_ngủ,1.0
tuy là fan mu lạ thấy tội thủ_môn bên bạn,0.0
ông cháu này được đấy ai nói thể_hình nhỏ_con không đá được ở n giờ anh vấn_đề là trình_độ thể_hình cũng quan_trọng nhưng đẳng_cấp quan_trọng hơn,0.0
lại nhộn_nhịp rồi bà_con ơi yêu_cầu ra khỏi hang yêu_cầu ra khỏi hang hít cái ánh nắng rồi vòng sau vào lại hang,0.0
"",0.0
bình_luận_viên phán câu nào chuẩn câu đó thần_tượng xuân mai của tui,0.0
nhanh kĩ_thuật dứt_điểm được bằng cả chân quá đẳng_cấp ông em dialo,0.0
fan arsenal chúc_mừng anh_em mu_nhé,0.0
mày thấy chưa rasford,0.0
fan manchester united từ tới giờ điểm_danh,0.0
phế vật antony,0.0
thấy dialo ghi_bàn dễ quá không ấy mình nhường bớt cơ_hội cho antony chứ thấy ảnh chạy hoài mà không được gì cả,0.0
mu_đá thế này thì xuống hạng có ngày anti fan chân_chính cảnh_báo nhé,0.0
vãi chè bình_luận_viên amad sou,0.0
hy_vọng tiếp chứ đừng sau đó lại hoà với thua như ten hag nhé,0.0
tù vãi cặc,0.0
amad dialo mình anh chấp tất gánh luôn cho hàng công toàn gỗ quý ganacho antony khung_thành rộng_mở còn sút không vào onana trận này bắt hay thật chắc thấy bayi ndir bắt hay quá nên phải cố_gắng không mất vị_trí,0.0
kể từ khi đi thì mới có cầu_thủ đầu_tiên mu có hatrick,1.0
antony chim_cút,0.0
video mà quảng_cáo,0.0
mu xứng_đáng thua hơn,0.0
xem antony mà buồn buồn_cười,0.0
nhìn nụ cười của antony khi amad ghi_bàn đẹp thế chứ_lị,0.0
amad dialo quá đẳng_cấp với southampton,0.0
suýt thì anh ê ríc ran nát đã dìm chết đi một cây săn bàn thượng_hạng tại nhà_hát,0.0
mu vẫn chưa đủ điểm trụ hạng cuộc đua trụ hạng vẫn tiếp_tục với mu,0.0
tao là fan arsenal,0.0
quả cuối giống làm kèo quá,0.0
súc_vật gana chó so_sánh compa lồn n ' què,0.0
nó hay chứ không phải chỉ may_mắn nhé bình_luận_viên ăn_nói cho cẩn_thận,0.0
quá tuyệt_vời amad dialo,0.0
thể_thao là không ngừng bỏ_cuộc,0.0
cái video gần cái quảng_cáo rất là phiền,0.0
sáng ra hang_tối lại vào tuyệt_vời,0.0
thưa ngài mesi của bờ biển ngà quá đã,0.0
dàn cầu_thủ trung_bình lại tòi ra_ngôi_sao,0.0
mu đang có một cầu_thủ châu phi_suất sắc,1.0
amad có đôi lời nhắn với thầy mười thầy thấy thầy sai khi cho con dự_bị mòn đít chưa thầy,0.0
onana giờ không tấu hài nữa à,0.0
fan mu điểm_danh cái,0.0
tuyệt_vời mày u tôi yêu ganacho nên học_hỏi thằng em amad dialo về cách sút bóng_vào ngôn như thế_nào nhé,0.0
mu giá mà ông sancho và ông tony đổi lấy cầu_thủ như amdolo thứ hai thì tốt biết_mấy,0.0
cầu_thủ đầu_tiên của mu ghi_bàn từ ngày ra đi,0.0
thang đần ganachó voi atony,0.0
bằng cách thần_kì nào đó vẫn ăn được cái tỉ_số ha_ha,0.0
lần quảng_cáo,0.0
toàn lũ đần p,0.0
rashford cút thật rồi,0.0
mu không thắng mà sou tự thua nếu gặp đội dứt_điểm sắc_bén thì mu đã thua trái trước rồi,0.0
còn gì tuyêt vời hơn khi chiến_thắng đến từ những giây cuối_cùng,0.0
mãi là fan mu,0.0
amad nhanh như con sóc_vậy,0.0
quen quen ta giống xem đâu rồi,0.0
bình_luận_viên nói nghe ngứa_tai thật suốt ngày cái câu may_mắn,0.0
"",0.0
mỗi khi đội nhà khó_khăn amad dialo lại xuất_hiện như vị cứu_tinh thực_thụ,0.0
ganarcho và antony đỉnh của chóp,0.0
hợp_đồng mới cho dialo là quá xứng_đáng sau bản hợp_đồng là cú hacktric quá tuyệt_vời,0.0
phút hatrick,0.0
huyền_thoại presing của giải ngoại_hạng đây rồi mỗi mùa bàn từ presing cướp bóng,0.0
vẫn là kịch_bản ấy,0.0
nếu có gỗ xanh nữa thì mu_vô đối,0.0
antony tuyệt_vời vãi cả lồn đúng là rất cố cho ngài cơ_hội nhưng ngài đích_thị là tội_ác của ten hag,1.0
quả bóng vàng tương_lai amad dialo fan man đần nói,0.0
trận này ngoài amad quá xuất_sắc thì thủ_thành onana cũng là xuất_sắc không kém quá tuyệt_vời cho mu,0.0
nữa,0.0
bán nhanh thằng antony đá người u không_thể tin nổi,0.0
chưa bao_giờ lập được hatrick ở epl,0.0
bữa thằng nào kêu antay hơn onana đi không có những pha cứu thua của onana thì amad không cứu nổi mu,1.0
gáy lên nào anh_em ơi,0.0
bình_luận_viên chốt câu chuẩn luôn amad dialo,0.0
nhìn tinh_thần của amad so với garnacho rashford thì chỉ muốn bán ông thần kia ngay lập_tức,0.0
cái lồn mẹ video cái quảng_cáo,1.0
anh long vẫn tạo dấu_ấn rất lớn,0.0
đá với đội cuối bảng mà mu_mu cái nổi gì,0.0
chúc_mừng antoni,0.0
mày quảng_cáo lắm vậy không video cái quảng_cáo xem khó_chịu thực_sự,0.0
mấy thằng anti chắc tức lắm đây chắc bỏ cơm luôn rồi,1.0
tônỳ và ganacho nên cảm_thấy xuấ hổ và tự_giác ra_di,0.0
quá khó thế_mà antony vẫn chuyền về được cho thủ_môn đội bạn compa triệu xứng_đáng từng xu,0.0
sểnh cái lại quảng_cáo,0.0
vì tinh_tú mang tên amad dialo,0.0
tôi không xem cả trận chỉ xem high light nhưng tôi thấy đá sân_nhà mà mu bị ép vãi con cặc ra southampton tấn_công liên_tục mà hình_như southampton là đội bét bảng sao anh_em mu ăn_mừng như mình áp_đảo đối_thủ_thế thôi dù_sao cũng chúc_mừng anh_em mu ra khỏi hang,1.0
hãy nhập_tịch về việt nam đi amad,0.0
sao lại có thằng đá hay đến thế_là cùng,0.0
bỏ tủ số với giúp cái,0.0
amad dialo adam dialo,0.0
southampton slep,0.0
amad quá hay nhưng đội_hình mu_công vẫn cùn thủ vẫn tệ,0.0
lại ông nhiễm không_khí rồi,0.0
đội bóng chỉ có người đá nên thay cầu_thủ thôi mu,0.0
trận này mình amad dialo cứu mu quá hay cho cầu_thủ người bờ biển ngà này,0.0
antony đá vào khó hơn đá ra,0.0
mu trở_lại mạnh_mẽ cho cuộc đua vô_địch fan mu điểm_danh,0.0
vẫn vậy thôi đối_thủ tận_dụng tốt mu_thua bàn rồi,0.0
rashy quỳ xuồng bus cu dialo cái,0.0
thích nhất câu anh mad trạng_thái,0.0
tống_cổ thằng antony đi cho rồi,0.0
đỉnh nóc kịch trần,0.0
ganacho antony đá như lol,0.0
dialo ơi anh đến từ hành_tinh nào vậy,0.0
trận dấu chỉ gói gọn trong,0.0
cả dh mu_ngoài dialo còn lại dứt_điểm buồn vãi đái,0.0
hàng thủ mu vẫn còn ngáo ngơ lắm,0.0
dan tien dao mu nhìn chán,0.0
thế_mà trọc bảo không đủ trình,0.0
amad điểm onana điểm,0.0
mùa nào mu cũng ra_mắt hoặc nổi lên cầu_thủ trẻ tài_năng nhưng cứ được vài tháng là y rằng họ nghĩ mình ngang hay mesi và đòi lương cao dở_chứng nhìn ông này thì lại là maino ganacho hay thôi,0.0
amd dialo là biểu_tượng cho sự phấn_đấu không biết mệt_mỏi sự_cố_gắng đến từng pha tranh_chấp,0.0
trận này onana bắt quá hay,0.0
martinez xứng_đáng đàn_anh khi dialo ghi_bàn thứ chạy sát đường_biên ăn_mừng nhưng anh đã ôm dialo vào sát khán_giả tới sát khán_giả cùng chia vui,0.0
amad,0.0
trận này mu_đá rất tệ,0.0
hay,0.0
mu_southampton ft quỷ đỏ chết đi sống lại với hat trick của amad dialo ở phút cuối_cùng và chiến_thắng quá vất_vả dù chỉ phải đối_mặt với đội chót bảng xếp_hạng ngay trên sân_nhà,0.0
cristiano dialo bàn đẳng_cấp,0.0
vào xem bình_luận_cứ tưởng là mu vô_địch epl năm nay rồi,0.0
cậu nhóc này thực_ra không phải người bờ biển ngà mà cậu ấy thực_ra là người lào họ và tên lào gì cũng tôn,0.0
từ khi đi đến giờ mới có cầu_thủ ghi lại bàn,0.0
vẫn top,0.0
một_mình gánh hết là đây,0.0
một trận đấu quá cảm_xúc,0.0
đâu ra thằng bình_luận_viên này vậy chán đời,0.0
dialo ugarte,0.0
quả kiến_tạo của eriksen quá nghệ,0.0
mu_riết đá với đội trụ hạng là thắng mừng dậy á trời,0.0
xem mu_đá với đội rớt hạng giống như đang diễn hài đợi tới lúc hấp_hối rồi mới biết mình sắp chưa ê tao,0.0
cuối tuần gặp brighton lại vào hang,0.0
amad quá đẳng_cấp,0.0
anh long vẫn không làm ta thất_vọng,0.0
xem vài phút thì quảng_cáo vứt mẹ kênh,0.0
xem chú này thấy cháy vãi mà tên hag không trọng_dụng để mài đũng trên băng ghế dự_bị chút nữa thì mất tài_năng chào vọng cháu này sẽ giữ được phong_độ như này,0.0
thang southampton co con cặc gi hay ma noi y nhu dung rui,1.0
thằng garnacho đá như phản ấy chắc học theo rasford tống nhanh cho rảnh nợ,0.0
bình_luận_viên gì ma ghi ban la may man coi lai cach dung tu ngu di bình_luận_viên ơi,0.0
mu mãi đỉnh congratulation,0.0
amad trông nhỏ_con mà đá hay quá không khác gì xuân_son luôn,0.0
amad ăn gì mà thể_lực tốt thế rashford nhìn mà học_tập,0.0
xem mà ức_chế vãi cả lồn cho_dù có chiến_thắng,1.0
video quảng_cáo phát địt_mẹ,0.0
amad được đấy ngày_càng hoàn_thiện,0.0
lên trending cho tao,0.0
tất_cả quỳ xuống trước amad,0.0
bán mẹ thằng garnacho đi tù bỏ_mẹ,0.0
đá chán thật,0.0
atony triệu,0.0
sau hình_như có mỗi dialo có bàn trận thì phải,0.0
quãng cáo nhiều quá,0.0
ai bắt kèo dưới phút đi nhà vệ_sinh xong ra thấy không biết sao thua luôn chắc đập tivi luôn,0.0
glory mu chúc_mừng tất_cả một trận_đấu xuất_sắc của cá_nhân amad cũng như bé na và toàn đội chúc_mừng anh_em bet thủ về bờ over mu,0.0
dialo khủng_vậy,0.0
mu_đá muốn tắt_mạng,0.0
trước có mactomy lay cũng nhanh vậy giờ đâu rồi,0.0
fan quá gà mắt bù lạch ăn,0.0
"",0.0
thằng nacho với thằng antony giữ vững phong_độ thật,0.0
granacho làm nhiều cái thất_vọng quá,0.0
địt_mẹ quả nào cũng bảo may_mắn,0.0
antony nó đá cái lôn gì vậy chọc mù mắt tao đi,0.0
fan mu_gáy lên nào anh_em hôm_nay ta có quyền,0.0
xem video highlight hơn thì quảng_cáo đến lần toàn quảng_cáo đôi chờ hết cái xem cái thứ lúc mới cho bỏ_quá quá khó_chịu,0.0
không uổng một đêm thức xem sau đó còn tóm được cái đuôi trận real nữa hay tỉnh_ngủ luôn,0.0
amialo nhanh that sao không cho cau_ta da chinh_di,0.0
mờ u,0.0
tao chúc_mừng mu dành chiến_thắng nhưng điều tao muốn nói nhất là chỉ sợ những cầu_thủ trẻ khi đã toả sáng và có suất đá chính thường_xuyên sẽ tỏ ra ngạo_mạn và cái tôi cao rồi sẽ như rashforh,0.0
mu_thật mong_manh dễ vỡ garnacho antony đúng là bọn chân_gỗ may có dialo giải_cứu mu không lại nát bét,0.0
mu hơn đội cuối bảng cảm_xúc quá,0.0
phế vậy ganacho,0.0
nhìn thằng garnacho rồi nhìn lại amad đỡ bực,0.0
onana trận này không còn là chính mình,0.0
"",0.0
nhuộm đỏ trời âu mang liverpol real madrid barcelona đến đây,0.0
nganhcqua,0.0
dậy và khoác_áo mu_đi làm thôi ha_ha,0.0
amadlialo chỉ cần phút để có hat trick,0.0
amasdialo quá xuất_sắc sao thằng bình_luận_viên bảo là may_mắn,0.0
có cái video quảng_cáo cả chục cái,0.0
đầu năm tao đã phán năm mới thắng lại mới thẳng tiến đến đích vả cho các đối_thủ một trời đầy sao cứ lừng_lững tiến bước đối_thủ từng thằng gục ngã dưới chân trở_lại chỗ_đứng của mình,0.0
mua tyler dibling,0.0
ông nào chê onana nữa đi,0.0
quá nhanh amilo,0.0
yoro đúng là thằng hề,0.0
gáy lên anh_em,0.0
garnacho đình bắc trình_độ định_giá triệu vnd thì đẹp,0.0
com ba vẽ hình_thang à,0.0
địt_mẹ vỗ biểu_tượng khóc cmnl mu_vô đối_đcmcm,0.0
hàng hậu_vệ mu chán quá,0.0
fan mu lại có dịp ra khỏi hang và mạng xã_hội lại ông nhiễm rôi,0.0
bao_lâu rồi mới có một cầu_thủ mu_lập hatrick,1.0
hay cho câu_kết của bình_luận_viên amad,0.0
thế_trận cho biết mu_chỉ là đội bóng tầm_thường,0.0
giá_như cụ sen trẻ lại được vài tuổi có_thể_lực thì đã có cthu lamd bóng hay dù gặp đội cuối bảng vậy bị dẫn tới phut và lật ngc lai nhưng thinh thần không bỏ_cuộc là tuyệt_vời quản_trị viên biểu tg mới ở mu cho sự nhiệt_huyết chạy không ngưng nghie chiến_đấu đến lúc thổi còi cậu ta như con sóc nhỏ vậy sonic dialo,1.0
lần sau xem mu_chỉ xem phút cuối thôi,0.0
amad điểm,0.0
tao không nghĩ amad có một ngày may_mắn đây là cầu_thủ đọc tình_huống rất thông_minh và nhạy_bén từ thời manu còn ibrahimovic tới bây_giờ mới được trao cơ_hội chúc_mừng bản hợp_đồng mới một tương_lai mới cho amad,0.0
hàng_xóm gọi mu_₫ éo trả_lời,0.0
trời lạnh ngắc như thế này mà phải trường mặt ra khỏi hang thấy không quen xíu nào,0.0
mu năm nay vô_địch nhé,0.0
nhiều anti bảo thắng top mà tưởng đá với top với sự bết bát của đội với hiện_tại đang đứng top dưới còn bị dẫn bàn trước thì thử_hỏi đội bóng mình hâm_mộ thắng chả vui mới là_lạ,0.0
quá sướng,0.0
ấm dialo mới xứng_đáng là người mu_đá từ đầu trận nhưng đến hơn phút vẫn tích_cực áp sát không chùn tinh_thần tuyệt_vời,1.0
quá lộ_liễu,0.0
amad đá hay mà sao huấn_luyện_viên không thường_xuyên cho ra sân_vậy nhỉ,0.0
mu,0.0
chắc không cay đâu,0.0
lai cho thang onana bắt,0.0
mu_len mua nguyễn xuân_son và nguyễn filip,1.0
ra khỏi hang nào anh_em ơi,0.0
thắng nhưng đá như thế thì lỗ trụ hạng đi là vừa,0.0
mu_dialo tưởng lai sang ngồi co gang lên kiếm cuo,0.0
đặc sảng ở mu là những thằng ngu lâu_lâu lại toả sáng,0.0
amad công_nhận nhiệt thật chăm_chỉ chịu_khó nhìn sang anh long mà ngán quá onana cũng xuất_thần,0.0
sao không cho maguire vào từ đầu,0.0
nổ tài cuối,0.0
nhà_cái nảo phải thua thêm bàn cuối nữa,0.0
amad trận này quá được rồi tm cũng hay trận_đấu tuyệt_vời,0.0
mu_đá ngu mà ăn rùa vãi lồn,0.0
nhìn anthony hãm thật,0.0
mu sẽ nổ bom tấn nguyễn xuân_son,1.0
chiến_thắng tuyệt_vời nhưng các cầu_thủ tiền_đạo khác của mình phập_phù quá một ngày tuyệt_vời của onana và amad,0.0
antony đá chán vãi lồn thật,0.0
amad hay quá anh_em đừng quên onana nhé chụp rất cháy,0.0
tui xem manchester united lâu rồi chỉ có bru fesnandes lập hát trick với anh mas dialo hát trick còn lại không có nỏi bàn thắng,0.0
cứ bình_luận_viên xuân mai bl là mu_thắng gặp bình_luận_viên hải thanh thì out tu thua,0.0
sân của amad hết xin chúc_mừng thầy trò amorim,0.0
antony,0.0
nó nát từ đầu tới phút đá nó bế_tắc vãi cả lồn,1.0
tiền_đạo mu_còn thua cả xuân_son đá như cạc tiền_đạo thì chân_gỗ hậu_vệ thì lỏng_lẻo thắng mà chán,0.0
amad dialo điên vãi cả lồn ghi luôn hẳn hatrick đúng sicon có khác,1.0
đội_hình mu giờ chỉ giữ lại maino bruno rashford lisandro martinez de ligt marauoi hojlund và amad dialo còn lại bán hết,0.0
ganacho antony phải nhìn amatdilo choi bóng_ma học_tập,0.0
superdialo,0.0
coi trận ipswich với brighton chuyển quá coi trận này xong trận này lâng_lâng không ngủ được lại coi tiếp trận ở vòng cúp nhà_vua tbn của real madrid với celta xong lại vào xem_lại highlight mẹ đêm thức trắng,0.0
phần_thưởng xứng_đáng cho những nỗ_lực của câu bé này nhiệt_huyết tự_tin một tinh_thần không_thể chê được,1.0
quá là xứng_đáng trận thắng,0.0
trong nỗ_lực trụ hạng các cầu_thủ của đội bóng hạng trung đã có trận tưng_bừng từ phút trở về cuối chúc_mừng đã ra gần khỏi hang tiến tới viễn_cảnh tới cửa hang,0.0
ganacho nên bán thằng này đá cá_nhân quá,0.0
amad dialo gánh team ghê thiệt có ghi_bàn,0.0
amad dialo ăn gì vậy,0.0
bình_luận_viên chán quả nào cũng bảo may_mắn,0.0
dù có nhưng p công_nhận là mu bây_giờ chỉ là đội bóng yếu chứ cũng chả p là đầu buồi tầm trung nữa rồi,0.0
hàng tiền vê mu không kiểm sót được bóng gặp đội yếu họ vẫn không nắm được thế_trận để bị dồn_ép không có ngôi_sao tõ sáng đúng lúc thì thua trận là quá bình_thường,0.0
amad urgate,0.0
ai fan mu điểm_danh,0.0
lâu lắm rồi mới có người ghi hactrick,0.0
đá với southampton mà đá_thế,0.0
ngoài amad thì onana hôm_nay cũng rất xuất_sắc,0.0
không hiểu sao vẫn còn gà nacho and tồi người_yêu trong đội_hình mu non_nớt gà_mờ,0.0
đua trụ hạng kịch_tính quá,0.0
fan mu điểm_danh,0.0
mãi mới có cầu_thủ ghi hatrick kể từ khi đi,0.0
southampton xứng_đáng có trận hòa hoặc thậm_chí là thắng nhưng cầu_thủ dứt_điểm kém thì chịu mu may_mắn có chiến_thắng tuyệt_vời để tránh phải đua trụ hạng,0.0
ban gâp thang antony gan nacho,0.0
gì,0.0
mu đỉnh_cao quá,0.0
đỉnh,0.0
mấy thằng bình_luận_viên không nghe chán,1.0
onana vẫn chắc xuất amad thì quá hay yoyo cần thêm kinh_nghiệm sou đá hay nửa hiệp đầu mu hay từ hiệp,0.0
olaha trận này bắt hay_vậy,0.0
hậu_vệ với trung_vệ mu cứ chậm chậm sao ấy,0.0
nhỏ nhưng duy chuyện hay chạy nhanh,0.0
fan mu nhà ta đông thật,0.0
amad là người_hùng còn người thay_đổi game đấu này là bruno và zirkze bruno về đá điều_phối bóng thay maino cái thế_trận khác hẳn và rõ_ràng điều zirkze hiện_tại phong_độ và sự tin là tốt hơn hojlund dù hơi chậm nhưng kết_nối được cả hàng công mu điều mà những phút trước đó hổ lùn không làm được,0.0
câu duy_nhất để bình_luận về trận_đấu này amad dialo thần_tượng mới tại manchester united,0.0
nếu mu thay_thế thủ_môn onana nữa là được,0.0
tuyệt_vời một ngày thật đẹp,0.0
amad southampton,0.0
amad dialo southampton,0.0
sâng ra thất_vọng ông lớn như southampton lại bị kẻ nhược tiểu đánh_bại,0.0
được quá amad,0.0
onana trận này hay vãi lồn,0.0
đến giờ tôi vẫn còn cay_tenhag,0.0
địt con_mẹ ngủ quên may mà con nó dậy khóc mới chợt nhớ ra vào xem từ phút và phần còn lại là vỡ oà đúng là con_gái rựu của ta,0.0
bình_luận_viên lol dep biết may_mắn chỗ nào mà cứ kêu may_mắn hay rõ,0.0
tại_sao southampton đá với câu lạc_bộ trung_bình yếu toàn thằng cầu_thủ lạ_hoắc mà để thua ngược,0.0
lâu lắm mới thấy cầu_thủ ngoại_hạng anh được sofascore chấm điểm mà_lại là từ mu mới hay ông trời không lấy đi của ai hết thứ gì cả giữa rừng gỗ quý lại lòi ra ông em dialo đẳng_cấp quá make mu_great again,1.0
ten hag chắc nước mưa chảy xuống mắt nhiều nên không nhìn rõ amad,0.0
bình_luận_viên cũng khéo lắm chốt hạ câu cuối chí mạng amad dialo sou,0.0
fan mu điểm_danh nào,0.0
mu,0.0
hung_thần presing amad,0.0
gọi tên em vạn lầm amad dialo,0.0
trụ hạng thành_công rồi,0.0
sou đéo hiểu sao chết,0.0
mu_đá như thế_nào xem nhi,0.0
fan mu_worldwide,0.0
"",0.0
sao vẫn để thằng ganacho và thằng anthony đá nhỉ ganacho thì chơi bóng cá_nhân quen_thuộc tony thì múa máy,0.0
những bước chạy đầy quyết_tâm của amad làm mình nhớ tới roney ghê không giống về ngoại_hình nhưng ý_chí thì quá giống,0.0
anh long với cu ganacho vẫn gỗ như ngày nào ha_ha,0.0
bóng bổng vẫn là điểm yếu của mu,0.0
phút đúng là trò_hề,0.0
mu ngày_xưa ai cũng sợ mu ngày_nay chẳng ai ngán,0.0
gánh còng lưng,0.0
amad giờ là ngôi_sao số hiện_tại không có gì phải bàn_cãi,0.0
tui fan mu,0.0
real nó đang ngắm dialo rồi,0.0
tui,0.0
tuyệt_vời amad,0.0
tuyệt_vời amad tuyệt_vời mu nhưng hơi phế ông anthony và ganacho,0.0
mừng như trụ hạng thành_công_vậy,0.0
cho antony vào đá mu_chấp người,0.0
nếu muốn chơi với chiến_thuật các cầu_thủ mu hiện_tại phải được nghỉ_ngơi nhiều hơn chứ cứ tuần trận như này sẽ khiến họ kiệt_sức phần_lớn cầu_thủ sẽ không có phong_độ tốt mong sao các mùa cn tiếp_theo đội_hình sẽ được cải_thiện tốt lên tìm được những mục_tiêu phù_hợp với chiến_thuật của huấn_luyện_viên để sớm ngày trở_lại,0.0
trận sau lại thua ấy mà,0.0
anh_em man đần miền bắc cẩn_thận không bị cảm_dấy,0.0
có đội nào vô_địch với điểm không nhỉ chỉ cần thằng vòng còn lại là được điểm rồi,0.0
vẫn dứt_điểm quá cá_nhân dù tỉ_lệ thành bàn thấp,0.0
cu này quá cháy,0.0
yoro cần thêm thời_gian để thích_nghi với vị_trí địt con_mẹ lệch chả hiểu sao bỏ triệu mua anh long cần mua gấp lb shaw với lôi con nên bỏ là vừa maino chưa hợp sơ_đồ mới nổi mà đòi tuần tao mà là blđ tao trả là còn cao xử_lý cuối vẫn cứ là gãy,0.0
amad gánh ganacho với antony còng lưng,0.0
onana nó chụp vậy_mà nhiều thằng chê thì chịu rồi,0.0
amad triệu,0.0
amad quá hay,0.0
tối xem mu_đá như_đội nghiệp_dư tắt ngủ luôn … sáng dậy thấy,0.0
chú à ha_ha,0.0
️,0.0
hy_vọng antony sẽ lấy lại được phong_độ tốt nhất,0.0
hiệp như tra_tấn người hâm_mộ mu_đá quá tệ ông yoro như phế vật cánh phải chán đời tuyến giữa không có bóng lối đá mu bây_giờ là hiệp tran tấn người hâm_mộ bằng lối đá vật_vờ mặc cho đối_thủ bắn phá khi thủng lưới mới nhồng lên chịu chết,0.0
trận này yoro bị vượt quá nhiều,0.0
lại được đi gáy dơ,0.0
nhanh như một con sóc amazd dialo,0.0
mùa giải mới bắt_đầu với mu,0.0
cái đầu amad nó thông_minh hơn hẳn cái thằng antony lỏ,0.0
mẹ thằng đần garnacho đá riết như con cặc,1.0
đúng là mu đá trận này buồn quá yoro kiểu gì để anh_em nó vượt quá mấy lần bộ tiền_vệ chắc mới đá với arsenal mệt hay sao ấy trận này không hay,0.0
hình_như mới giao_bóng hay sao ấy nhỉ mới thấy ghi_bàn mà_lại nổ,0.0
quá hài antoni,0.0
phần_thưởng xứng_đáng cho những ai fan mu xem trận này hãy thích,0.0
vãi cặc mu nay mạnh vậy ăn được sou luôn chúc_mừng nhé,0.0
mu nhận ra chưa mesi hạng vẫn còn ăn được mấy đứa ricon hạng nhất,0.0
garnacho và anh long dứt_điểm quá tệ thầy amorim phải cho ông này tập đá liên_tục nếu còn giữ lại,0.0
anh long triệu ganacho não không có,0.0
cái thằng ganacho bán mẹ nó đi thêm thnwgf antony nữa,0.0
southampton mà còn để cho nó dẫn trước southampton tốp bét bảng,0.0
mu đá trận nào thủng lưới trận đó,0.0
buổi sáng hôm_nay thật trong_lành,0.0
amad quá nhanh quá nguy_hiểm,0.0
along vẫn là anh long ha_ha,0.0
má coi hiệp buionf ngủ đi ngủ hiệp cháy ệ,0.0
onana dinh,0.0
đệm_bóng vào lưới trống cũng là một kỹ_năng thế mới thấy đỉnh cỡ nào,1.0
chân_gỗ ganacho cho nó xéo mẹ nó di,0.0
chúc_mừng mu chiến_thắng đội bét bảng năm nay giỏi lắm là đứng thứ,0.0
dialo thật_sự tài_năng còn antoni thì,0.0
lâu lắm rồi mu mới ghi được bàn,0.0
lối đá xem cứ chối chối thôi thắng trận nào hay trận ấy,0.0
đội bóng tôi yêu,0.0
cuối_cùng sau bao ngày mưa_gió fan man đần cũng được ra khỏi hang,0.0
ramseu bắt hay mà sao pháo_thủ loại khoải đội_hình vayta,0.0
mắc hài đá hay mà không cho đá thử thầy,0.0
quá đã,0.0
onana dạo này đánh mất chính mình thật rồi,0.0
trận này onana bắt hay vãi lồn,0.0
xem thắng thì vui nhưng mà nghe ông xuân mai cứ nói may_mắn sao thấy khó_chịu thế nhỉ,0.0
amad dialo là một sự khác bọt,0.0
thiếu tiền_đạo xuân_son của việt nam dứt_điểm kém quá,0.0
amad rw số tg luôn,0.0
ra hang vào hang,0.0
chúc_mừng mu đã vô_địch,0.0
nếu lúc cũng như này thì fan mu đã không nhanh già như này,0.0
oa tôn luy đỉnh lóc,0.0
mesi dialo quá tuyệt_vời chúc_mừng anthony được vào sân,0.0
bóng ra ngoài mét rồi không có góc tao chịu thằng trọng_tài,0.0
thằng em hay quá xin phép được hôn thằng em phát,0.0
có luôn,0.0
đội bóng anh dialo chứ không phải manchester united,0.0
tuyệt_vời dialo,0.0
có mấy thằng đần cười nói man đần rồi đi ngủ phút thứ sáng ngủ dậy mặt đần như heo,1.0
trận trước thấy an tây bắt hay quá onana sợ bị lên ghế dự_bị hả gì mà trận này bắt lên_tay dữ cu em amad thì quá đỉnh còn anh long thì vô lấy vía được rồi khỏi đá cũng được,1.0
gáy đi mấy thằng chê manu,1.0
"",0.0
bây_giờ xem mu_đá hôi hộp đến phút cuối,0.0
eritsen vẫn rất đẳng_cấp,0.0
xem phút thứ không muốn xem nữa,0.0
sau vòng vị_trí giữa mu và newcastle đã cách nhau xa quá trước đó vòng newcastle điểm mu_điểm vậy_mà sau vòng newcastle đã dành tối_đa điểm để có tổng_điểm và xếp thứ hiện_tại mu sau vòng được thêm điểm để được tổng_điểm và xếp hiện_tại hy_vọng với chiến_thắng này mu sẽ trở_lại,0.0
fan mu vào điểm_danh,0.0
từ khi ronaldo rời đi thì chuyện có ai ghi được hatrick cho mu quá hay amad,0.0
chấn_động tam_giới hacktrick amad,0.0
eriksen quá chất_lượng,0.0
amad hay quá,0.0
thủng nóc sập trần à cảm_xúc khi cổ_động_viên ôm amad dialo,0.0
mu yêu_dấu của tao,0.0
dialo ngôi_sao mới của man,0.0
mân đàn thắng mà nhìn đá khổ_thế,0.0
thằng antony là sự chết_tiệt nhất của tenhag,0.0
antony bỏ lỡ cơ_hội thành bàn không_tưởng xứng_đáng bán đi,0.0
gáy vang trời,0.0
hay quá thắng đội bóng top đầu luôn,0.0
ganacho sao lại cho đá giữa vậy,0.0
chúc anh_em mu cuối tuần vui_vẻ ngoài hang nhé,0.0
quá trận này chúng_ta thấy manchester united cần phải mua thêm tiền_vệ đẳng_cấp chứ nhìn vào hàng tiền_vệ hiện_tại chán không cầm nổi bóng tranh_chấp kém không có đường chuyền nào cho tiền_đạo lấy đâu ra cơ_hội ghi_bàn may có sự_tỏa sáng kịp_thời của amad ở những phút cuối trận chứ không lại toang hát luôn,0.0
sợ hàng phòng_ngự mu quá luôn,0.0
đây là trận_đấu tuyệt_vời của dialo nhưng là trận_đấu siêu tệ của mu,0.0
một ngày cuối tuần tuyệt_vời của đội bóng tôi yêu,0.0
một vé xuống hạng cho southamton sẽ là rất xứng_đáng,0.0
garnacho antony zoro quá hay luôn nên bán,0.0
eriksen vẫn đỉnh_cao chuyền,0.0
dọa thầy hòa_vậy mấy bạn,0.0
amad dialo_tỏa sáng như một vì tinh_tú giữa màn đêm nhà_hát của những giấc mơ chúc_mừng anh_em manchester united,0.0
ganacho thằng này cũng giống buồi vỉ hào,0.0
chúc_mừng mu mùa này vô_địch nhé,0.0
coi mà cảm_xúc phút cuối,0.0
quá hay quá đẹp quá tuyệt_vời,0.0
nhìn thằng lol jackson lại ứa nước_mắt,0.0
lạy chúa antony vậy cũng làm cầu_thủ chuyên_nghiệp,0.0
manchester united chỉ thật_sự chơi bóng từ phút trở về sau amad dialo đầy quyết_tâm ông trùm presing tuyến đầu ở mu,0.0
quá đã,0.0
garnacho antony đi được rồi đó d,0.0
hàng công giữ lại được đúng amad dialo antony với garnacho đúng là thần đằng,0.0
tạc tượng amad dialo,0.0
amax gia_hạn chưa nói gì mẹ_kiếp thằng maino đá như ke đòi tuần cho nó cút đi,0.0
thành man màu gì,0.0
việt nam mình mà có cu này kết_hợp với son nữa thì khủng_khiếp lắm,0.0
tài anh lợn bắt mất_dạy thật_sự,0.0
ganacho theo bóng quá chậm so với đồng_đội dứt_điểm quá kém không xứng_đáng,0.0
mu vô_địch,0.0
bán antony được rồi,0.0
đỉnh nóc kịch trần amad dialo,0.0
amad lập hat trick luôn,0.0
cả trận đá hay có onana với dialo còn lại đúng chán hậu_vệ manu hiệp bị southampton hành_hạ,0.0
tội anh compa antony vãi nên làm hậu_vệ thì hơn,0.0
nhỏ người những cao_siêu dialo,0.0
show chỉ thua amad,0.0
anh_em mu ơi tự_hào là fan mu,0.0
đá với đội xuống hạng mà chúng_mày còn hãnh_diện hỡi fan mu,0.0
trong hang lạnh quá chui ra được rồi,0.0
hiệp sou tận_dụng cơ_hội thì tỷ_số đã khác,0.0
cho mình hỏi đã bao_lâu rồi mới có cầu_thủ mu ghi_bàn trên sân_nhà_vậy ạ quá tuyệt_vời,0.0
ngủ xem được hiệp lên thấy thua trái và kết_quả_thật là đầy năng_lượng cho ngày mới,0.0
trận này góc bao_nhiêu quả_vậy mọi người,0.0
ngôi_sao sáng không bằng,0.0
nacho chân_gỗ vải,0.0
bú được rung ha_ha,0.0
đội bóng tôi yêu,0.0
amad onana,0.0
amad presing bén quá,0.0
xem từ đầu đến phút chửi mu nào là man đần chân_gỗ đá ngu như bò tiền_đạo như quần què ấy vậy_mà mỗi dialo cân tất đúng là amad diana,1.0
bao_giờ là bình_luận nhưng sáng nay sẽ là bluan fan mu_đông vãi cả lồn hỗn nữa ha_ha,1.0
mu nên xuống hạng đi đâ với đội xuống hạng mà chúng_mày còn fan được,0.0
bàn cuối thủ_môn đối_phương ăn_mừng giúp anh_em mu chúng_ta luôn kìa,0.0
sou năm nay xuống hạng chắc rồi,0.0
xem mu_toát hết mồ_hôi make mu_great again,0.0
vẫn về sợ thật,0.0
mu_còn nhiều vấn_đề lắm,0.0
amorim tạo cho mu gây áp_lực đồng_bộ hơn và tinh thân chiến_đấu không bỏ_cuộc số cầu_thủ mu thì gỗ wa gỗ hôm_nay amas wa đỉnh,0.0
đá với bọn người mù mà mấy thằng phan man đàn nói như đúng rồi đấy,1.0
mày u còn yếu lắm vào tóp không nổi đâu,0.0
thắng trận nào hay trận đó thôi,0.0
di_al lo,0.0
ảo tung chảo không_thể tin nổi tôi đã ăn được cái vị,0.0
dialo gia_tốc trong thời_gian ngắn tốt thật quả cuối rình rình đẩy tốc lên một phát lấy bóng ngay lập_tức 🫡 🫡 🫡,0.0
onana nó cứu cả trận_đấu của mu như thế_mà cứ chê nó,0.0
nhé đá mấy anh cuối bảng rất khó chơi,0.0
khi cần bàn thắng thì gọi alo,0.0
"",0.0
siêu_nhân admas,0.0
fan mu điểm_danh nào chúc tất_cả mọi người ngày tốt_lành vui_vẻ,0.0
kco ý khen chê gì nhma ở bàn của amad ông ramsdale lùi đi đâu_đấy trông hài đcđ,0.0
mu vẫn là mu_dù bết bát hay thăng_hoa thì mu vẫn rất thu_hút mới hơn xem rồi,0.0
mu giờ tay,0.0
along hài vãi cặc,0.0
mu_chấp antoni mà vẫn thắng,0.0
đem mc asenal liverpol tới đây đem luôn cả real barce bayer tới đây,0.0
mày u cần thanh_lọc lại đọi hình còn yếu lắm,0.0
lên nào anh_em ơi,0.0
my love amad dialo,0.0
giờ xem mu vì lo,0.0
mu_đá chán quá,0.0
thở oxi là liên_tục,0.0
là fan mu cần trung_phong biết làm tường biết ghi_bàn trông_chờ vào thì hết phép,0.0
mong sao mu lầm_lũi trở_lại như newcastle ấy cách đây vòng newcastle còn đứng dưới mu_vậy mà giờ_đây đã hiên_ngang có_mặt trong tốp mong rằng mu hãy giữ lấy tinh_thần máu nửa này biết_đâu nửa sau mùa dải_mu sẽ có được vị_trí tốt hơn hiện_tại,0.0
phải chiu khó chạy ngay từ đầu phải khoe hơn không suýt chút mấy ông đi bộ hôm_nay giết thầy nữa rồi may còn thay ra kịp xem mà chỉ biết lắc_đầu chứ hết_ý kiếm,0.0
sơn tùng mtp tao xuống hạng chắc rồi,0.0
onana mới là người hay nhất trận này,0.0
enkitsen đẳng_cấp hơn hẳn bruno,0.0
rồi ông nào hôm bữa kêu atay thay_thế onana nữa nhỉ,1.0
thằng garnacho vẫn ngu như_vậy …,0.0
hic,0.0
thằng yoro phòng_ngự chán,0.0
amad dialo southamton,0.0
my boy dialo,0.0
ganacho chơi ca nhân quá,0.0
amad dialo vào,0.0
từ ngày ronaldo rời mu chưa có ai lập hatrick được nhưng giờ đã có người,0.0
dung là anh long chân,0.0
bố mu là amad dialo,0.0
các bố cứ chê và đòi bán bruno hàng công phế vãi lồn nó chuyền nhiều quả hay không có amad thì đúng là thảm_họa,0.0
anthony hay vải,0.0
cu em amad này cháy phết mu bao_giờ nên biết mua thêm những ai rồi,0.0
southampton không thua manutd họ thua amad dialo,0.0
tinh_thần chiến_đấu quá hay phút cuối vẫn không ngừng,0.0
amad dialo thời tới cản không kịp,0.0
phát thưởng ná chó không_thể hiểu nổi chuyên_nghiệp mà đá như thằng cu con,0.0
thật_sự xem trực_tiếp không hiểu tại_sao mu lại có_thể có điểm trước lúc amad gỡ hoà xem thất_vọng kinh_khủng thậm trí có lúc chỉ chuyền quá chuyền lại phần sân_nhà rõ_ràng trận_đấu này chúng_ta thắng có phần may_mắn onana chơi tốt yozo có_lẽ nên dự_bị garnacho vẫn vậy vẫn hơi tù còn anh long thì có_lẽ đã từ lâu chúng_ta vẫn phải thắc_mắc tại_sao lại có_giá triệu amad với mu lúc này là vô_giá cầu_thủ hay nhất mu từ khi amorim tới hy_vọng gia_hạn với amad mức lương tốt hơn chứ đừng trao cho cu_cậu mức lương cao để rồi cu_cậu hết động_lực thi_đấu chuyển quá ăn_chơi thì hỏng lên nào mu,0.0
deohieusao sống,0.0
"",0.0
ra highlight mau thật,0.0
cuốn sách của quỷ,0.0
quá tuyệt_vời,0.0
mấy thằng anti mu_mai đi làm uể_oải rồi,1.0
thật là vãi anh long,0.0
để đội cuối bảng nó đè ngửa vãi thật may_mà thắng,0.0
nói thật tôi fan mụ mà tôi lại khoái cho man đần thua tôi mới thích thưa cho nó bán hết cẩu thủ luôn đi,0.0
xin chúc_mừng anh_em fan mu,0.0
amad quá hay,0.0
ramsdale bắt cho mấy đội đua trụ hạng toàn đứt thẳng_cẳng,0.0
thắng chật_vật đội bóng điểm điểm_danh nữa chứ,0.0
bắt không dính bóng onana làm thế này nguy_hiểm,0.0
ước gì eriksen trẻ lại nhỉ tiếc là già rồi,0.0
xem hiệp tưởng đội bóng con cưng thua vài bàn chứ may là southampton bét bảng chứ đội khác là hiệp bị giã vài bàn rồi,0.0
antony phế vật vào sân như là chấp người,0.0
eriksen,0.0
xứng_đáng nhận lương cao nhất đội mới đúng,0.0
mấy mũi khoan kia cùn vãi lồn thằng em nó đá cho sáng mẹ cả mắt ra,0.0
coi đến gần cuối trận thấy no hope thật_sự đùng cái thắng ngược bọn anti chắc tức nổ mắt,0.0
amad quá hay,0.0
editer kênh này không ngủ hay sao ấy nhỉ phút sau trận đã có highlight tuyệt_vời,1.0
hy_vọng giữ được tinh_thần như thế_nào mu,0.0
đá thế này thì sou chỉ có xuống hạng thôi,0.0
amad dialo southampton,0.0
cháy quá,0.0
amad dialo,0.0
garnacho xứng_đáng bị bán,0.0
chê onana nữa đi mất vị_trí đồ dự_bị đồ nghĩ gì vậy mấy đứa,0.0
"",0.0
siêu mu,0.0
vì mu mà tôi thức cả nguyên đêm để hôm_nay nghỉ làm,0.0
ơi hình_như nghe quen lắm,0.0
anh to này cái gon trông mà sút không vào,0.0
đầu mùa nháp thôi,0.0
cầu_thủ mu bây_giờ toàn dạng trung_bình hưởng lương cao đá không ra_gì,0.0
gáy nào,0.0
mày u đống vô_dụng xuống hạng xem mới thích,0.0
tập_thể mu đã không bỏ_cuộc chiến_đấu tới những giây_phút cuối_cùng đặc_biệt là amardialo cậu ấy đã rất nỗ_lực trong từng pha bóng và được chuyển_hóa bằng hát tríc tht tuyệt_vời không uổng công_thức xem trọn_vẹn trận_đấu này là fan mu giành lời khen cho cậu bé amar cầu_thủ gánh tem mu,0.0
ru_ngủ cả trận cuối trận lại tỉnh_ngủ luôn chúc_mừng toàn_thể anh_em fan mu,0.0
trận này là amad đá với southamton mu cần mua người gấp,0.0
đá với đội đầu_bảng thì như lên_đồng với đội cuối bảng thì như gà mắc tóc tuy thắng nhưng có quá nhiều vấn_đề ở đội bóng này ️,0.0
fan mu_chỉ có thời_gian xem cuối điểm_danh ha_ha,0.0
thua toàn bàn phạt_góc,0.0
không uổng ngủ dậy phút dậy xem,0.0
fan mu_bắt mu chắc ngủ dậy không hiểu vì_sao tiền về,0.0
phải ráng trụ hạng thôi man united,0.0
thắng đôin cuối bảng mà nhìn như sâp vô_địch,0.0
siuiu,0.0
quá cảm_xúc,0.0
amad dialo quá đỉnh_cao sir amad dialo ️ ️ ‍,0.0
amad thì quá xuất_sắc rồi nhưng anh_em cũng đừng quên onana bắt rất cháy trận này,0.0
thằng garnacho phải bán vì nó quá gỗ bỏ lỡ toàn mười_mươi,0.0
các cầu_thủ manu cần biết về trách_nhiệm của họ về trận_đấu nó không phải là đội yếu hay đội mạnh mà phải tập_trung phấn_đấu thắng mỗi trận_đấu cố_gắng đá cứ tâm_lý vì người hâm_mộ chứ đá kiểu ơi nhàn nhàn lãnh lương thì nên rời khỏi tinh_thần manu,0.0
báo ganacho và antony,0.0
phút tính nghỉ xem luôn vì đá quá chán may ráng xem tiếp và kết_quả_thật điên_rồ,0.0
mu lên bán thằng ganacho đi nhìn thằng đấy đá thực_sự không_thể phát_triển hơn được nữa,0.0
em nó đá hay vậy_mà thời khó cho dự_bị suốt,0.0
gặp thằng atony là nó đá lên trời trái thứ rồi,0.0
amad xứng_đáng người chơi giá_trị nhất trận_đấu này chạy quá nhanh quá khiếp,0.0
đá thắng thằng đáy xã_hội mà ăn_mừng như chó thèm cứt,0.0
theo mu_tương thua rùi chứ,0.0
fan mu xem hết trận điểm_danh và biết về của amad quá hay,0.0
thời mu_đả tới thời trụ hạng,0.0
sớm,0.0
fan mu điểm_danh,0.0
an tô này nà tô này cái lồn mẹ anh,1.0
quá tuyệt_vời chúc_mừng manchester united,0.0
ra hang thôi mân đàn,0.0
antony anh vẫn như ngày nào,0.0
rất nhiều trận phải dựa hơi ông amad rồi,0.0
trưa quá chém gió khen amad sáng cu em rùng_mình luôn phát,0.0
đinh nóc kịch trần cờ bay phấp_phới amad dialo,0.0
yeah,0.0
anh ma đá kinh quá,0.0
thắng thì vui nhưng đá đội bóng yếu hơn mà như này thấy lo_lắng quá,0.0
win là được rồi,0.0
phút trông chán thật_sự tắt đi lướt web thì nã ba bàn lúc xem thì bỏ lỡ cơ_hội mười_mươi,0.0
tâm_điểm trận này var anh long,0.0
"",0.0
là fan mu tôi cũng chẳng hiểu tại_sao mu_lại thắng trận này,0.0
fan mu điểm_danh,0.0
chúc_mừng mu có điểm đầy quý_giá và rất vất_vả trước đối_thủ xếp thứ bảng xếp_hạng …,0.0
"",0.0
up,0.0
đầu_tiên,0.0
"",0.0
